City_ID,City,Lat,Lng,Max Temp,Humidity,Cloudiness,Wind Speed,Country,Date
0,belle chasse,29.8549,-89.9906,31.99,72,40,4.12,US,1691635856
1,bubaque,11.2833,-15.8333,26.28,83,100,0.94,GW,1691635856
2,bilibino,68.0546,166.4372,16.84,42,96,3.57,RU,1691635856
3,bodaybo,57.8506,114.1933,25.19,55,100,1.17,RU,1691635857
4,tiksi,71.6872,128.8694,21.07,39,29,2.46,RU,1691635857
5,geraldton,-28.7667,114.6,16.23,77,100,3.6,AU,1691635610
6,chaman,30.9236,66.4512,29.64,12,0,2.64,PK,1691635858
7,nantucket,41.2835,-70.0995,24.03,71,0,5.66,US,1691635858
8,tual,-5.6667,132.75,25.73,80,74,9.39,ID,1691635859
9,broome,42.2506,-75.833,19.23,93,95,1.12,US,1691635859
10,salalah,17.0151,54.0924,26.05,94,100,3.6,OM,1691635859
11,buulobarde,3.8538,45.5674,22.16,89,65,6.79,SO,1691635860
12,ilulissat,69.2167,-51.1,6.01,93,100,2.06,GL,1691635860
13,zabol,32.25,67.25,26.9,13,0,3.5,AF,1691635861
14,wanxian,30.8039,108.3897,33.05,67,0,2.18,CN,1691635861
15,hadibu,12.65,54.0333,25.6,81,100,9.3,YE,1691635861
16,callao,-12.0667,-77.15,21.16,73,100,5.14,PE,1691635862
17,hermanus,-34.4187,19.2345,12.11,72,0,3.72,ZA,1691635862
18,adamstown,-25.066,-130.1015,19.33,56,84,9.81,PN,1691635863
19,alofi,-19.0595,-169.9187,27.94,74,40,2.57,NU,1691635863
20,mermoz boabab,14.7065,-17.4758,26.88,74,40,2.06,SN,1691635863
21,doka,13.5167,35.7667,21.33,95,53,3.86,SD,1691635863
22,ornskoldsvik,63.2909,18.7153,11.53,100,40,1.54,SE,1691635864
23,ushuaia,-54.8,-68.3,4.81,70,40,1.03,AR,1691635800
24,baukau,51.5526,7.2042,14.11,79,9,3.58,DE,1691635864
25,port lincoln,-34.7333,135.8667,14.79,56,33,4.5,AU,1691635865
26,arraial do cabo,-22.9661,-42.0278,20.87,86,36,8.35,BR,1691635865
27,guerrero negro,27.9769,-114.0611,21.9,85,2,7.35,MX,1691635865
28,papatowai,-46.5619,169.4708,5.56,74,52,3.35,NZ,1691635866
29,lebu,-37.6167,-73.65,11.3,88,43,5.95,CL,1691635866
30,albany,42.6001,-73.9662,19.89,82,32,0.45,US,1691635583
31,weno,7.4515,151.8468,28.43,73,92,3.3,FM,1691635867
32,yellowknife,62.456,-114.3525,21.29,43,75,3.6,CA,1691635408
33,kaa-khem,51.6833,94.7333,21.07,58,61,2.08,RU,1691635867
34,douglas,41.3,-96.167,23.66,83,0,0.0,US,1691635867
35,kapa'a,22.0752,-159.319,31.99,75,100,9.26,US,1691635868
36,stanley,54.868,-1.6985,16.55,92,40,1.03,GB,1691635868
37,al jawf,29.5,38.75,27.03,27,0,3.67,SA,1691635868
38,brady,31.1352,-99.3351,36.41,23,0,5.14,US,1691635688
39,teyateyaneng,-29.1472,27.7489,5.02,78,0,1.35,LS,1691635869
40,kuanda,56.3161,116.0806,25.09,44,100,3.66,RU,1691635869
41,severo-yeniseyskiy,60.3725,93.0408,17.73,55,28,3.33,RU,1691635870
42,invercargill,-46.4,168.35,7.79,69,26,0.45,NZ,1691635870
43,tamanrasset,22.785,5.5228,27.95,28,71,5.14,DZ,1691635870
44,port-aux-francais,-49.35,70.2167,3.52,87,97,10.29,TF,1691635871
45,port elizabeth,-33.918,25.5701,13.16,94,0,3.09,ZA,1691635871
46,fale old settlement,-9.3852,-171.2468,28.06,78,31,6.58,TK,1691635871
47,keflavik,64.0049,-22.5624,12.24,71,0,2.57,IS,1691635871
48,hamilton,39.1834,-84.5333,23.06,89,75,3.6,US,1691635481
49,vorgashor,67.5833,63.95,12.49,69,67,5.08,RU,1691635872
50,waitangi,-43.9535,-176.5597,11.57,78,3,0.89,NZ,1691635872
51,uturoa,-16.7333,-151.4333,24.89,71,74,8.09,PF,1691635873
52,badger,64.8,-147.5333,21.95,75,75,3.09,US,1691635873
53,st. john's,47.5649,-52.7093,13.21,93,100,6.17,CA,1691635873
54,east london,-33.0153,27.9116,16.22,81,4,7.66,ZA,1691635874
55,blackmans bay,-43.0167,147.3167,16.07,58,85,4.17,AU,1691635874
56,tsiombe,-25.3,45.4833,18.04,91,20,3.45,MG,1691635874
57,hawaiian paradise park,19.5933,-154.9731,26.73,72,40,3.6,US,1691635875
58,saynshand,44.8824,110.1163,28.71,35,92,5.18,MN,1691635875
59,bethel,41.3712,-73.414,23.6,75,0,3.6,US,1691635742
60,west island,-12.1568,96.8225,26.99,74,40,6.17,CC,1691635876
61,nizhnyaya poyma,56.1622,97.1933,21.26,63,91,2.64,RU,1691635876
62,bay roberts,47.5999,-53.2648,13.41,93,100,2.68,CA,1691635876
63,general acha,-37.377,-64.6043,12.56,56,100,7.87,AR,1691635877
64,san patricio,28.017,-97.5169,30.4,80,0,8.58,US,1691635877
65,rawson,-43.3002,-65.1023,15.6,39,92,7.25,AR,1691635660
66,puerto cabezas,14.0351,-83.3888,27.06,88,99,3.14,NI,1691635878
67,solleftea,63.1667,17.2667,11.92,97,38,1.36,SE,1691635878
68,jamestown,42.097,-79.2353,20.95,77,0,1.54,US,1691635868
69,rabo de peixe,37.8,-25.5833,22.73,94,75,5.14,PT,1691635879
70,enewetak,11.3474,162.3373,28.77,75,68,6.52,MH,1691635879
71,puerto natales,-51.7236,-72.4875,2.21,94,84,1.61,CL,1691635880
72,port mathurin,-19.6833,63.4167,22.32,75,7,5.67,MU,1691635880
73,kingston,17.997,-76.7936,30.53,88,75,4.63,JM,1691635594
74,buala,-8.145,159.5921,26.65,85,97,6.04,SB,1691635881
75,dudinka,69.4058,86.1778,14.79,60,100,9.92,RU,1691635881
76,nouadhibou,20.931,-17.0347,20.99,94,40,8.23,MR,1691635881
77,kununurra,-15.7667,128.7333,29.99,26,49,4.12,AU,1691635786
78,whitehorse,60.7161,-135.0538,21.17,40,75,3.09,CA,1691635697
79,olonkinbyen,70.9221,-8.7187,6.49,100,100,3.2,SJ,1691635882
80,kerikeri,-35.2268,173.9474,14.39,81,22,0.89,NZ,1691635883
81,taltal,-25.4,-70.4833,18.36,63,63,1.07,CL,1691635883
82,utrik,11.2278,169.8474,28.29,71,58,5.36,MH,1691635883
83,sutherlin,43.3901,-123.3126,29.0,37,66,3.09,US,1691635884
84,nadym,65.5333,72.5167,9.31,73,100,10.98,RU,1691635884
85,ambovombe,-25.1667,46.0833,18.77,87,13,4.46,MG,1691635885
86,pisco,-13.7,-76.2167,19.03,77,20,6.17,PE,1691635885
87,grytviken,-54.2811,-36.5092,-5.04,93,94,1.92,GS,1691635885
88,atafu village,-8.5421,-172.5159,28.01,79,33,6.4,TK,1691635886
89,saudarkrokur,65.7461,-19.6394,5.76,85,67,4.64,IS,1691635886
90,ust'-kulom,61.6864,53.6902,17.11,62,4,1.66,RU,1691635886
91,caleta de carquin,-11.0925,-77.6267,18.96,84,20,4.88,PE,1691635887
92,la passe,45.5549,-0.8967,21.13,67,15,3.17,FR,1691635887
93,vadso,70.0744,29.7487,18.49,82,0,2.57,NO,1691635887
94,vilyuysk,63.7553,121.6247,24.79,34,0,4.6,RU,1691635888
95,ust-nera,64.5667,143.2,21.38,42,5,1.6,RU,1691635888
96,jaguaruna,-28.615,-49.0256,17.07,97,100,3.64,BR,1691635747
97,kill devil hills,36.0307,-75.676,26.66,82,0,2.06,US,1691635889
98,punta arenas,-53.15,-70.9167,3.95,93,100,3.56,CL,1691635889
99,south hedland,-20.4089,118.5983,27.96,28,2,4.12,AU,1691635889
100,kailua-kona,19.6406,-155.9956,29.98,68,40,4.12,US,1691635890
101,kargasok,59.0556,80.8572,10.9,94,100,5.39,RU,1691635890
102,barguzin,53.6167,109.6167,17.68,98,100,1.27,RU,1691635890
103,sokcho,38.2083,128.5911,21.34,100,100,7.72,KR,1691635891
104,freetown,8.484,-13.2299,24.84,88,75,6.17,SL,1691635891
105,mendez-nunez,14.1286,120.9058,28.37,71,76,4.82,PH,1691635891
106,abeche,13.8292,20.8324,23.27,88,100,1.48,TD,1691635891
107,marat,25.0701,45.4615,29.26,11,3,2.02,SA,1691635892
108,barcelos,41.5388,-8.6151,19.36,93,15,1.37,PT,1691635599
109,capinopolis,-18.6819,-49.5697,22.46,41,45,3.04,BR,1691635682
110,amvrosiyivka,47.7935,38.4777,22.01,60,100,5.35,UA,1691635893
111,constantia,44.1833,28.65,18.38,71,77,6.26,RO,1691635893
112,petropavlovsk-kamchatsky,53.0452,158.6483,22.33,49,40,4.0,RU,1691635893
113,kodiak,57.79,-152.4072,12.73,88,100,2.57,US,1691635893
114,puerto ayora,-0.7393,-90.3518,24.19,92,46,2.24,EC,1691635863
115,winslow,35.0242,-110.6974,18.1,88,100,5.66,US,1691635894
116,fortuna foothills,32.6578,-114.4119,40.05,25,0,2.57,US,1691635894
117,kowon-up,39.4381,127.2431,22.36,94,100,2.54,KP,1691635895
118,tofol,5.3248,163.0078,28.25,78,58,4.26,FM,1691635895
119,mashhad,36.297,59.6062,24.08,43,0,2.06,IR,1691635803
120,horta,38.5333,-28.6333,21.12,86,87,2.24,PT,1691635895
121,murzuq,25.9155,13.9184,25.39,32,0,4.63,LY,1691635896
122,yuzhno-kurilsk,44.0306,145.8556,21.81,91,100,5.86,RU,1691635896
123,santa cruz,-17.8,-63.1667,23.7,73,0,3.6,BO,1691635798
124,happy valley-goose bay,53.3168,-60.3315,16.17,77,100,2.06,CA,1691635897
125,wabag,-5.4781,143.7021,21.81,53,30,2.39,PG,1691635897
126,neiafu,-18.65,-173.9833,28.38,69,20,1.03,TO,1691635897
127,ghanzi,-21.5667,21.7833,10.66,41,0,7.11,BW,1691635898
128,isafjordur,66.0755,-23.124,6.85,82,44,3.4,IS,1691635898
129,zwedru,6.0667,-8.1281,21.39,98,100,1.65,LR,1691635898
130,lompoc,34.6391,-120.4579,21.12,83,100,3.09,US,1691635899
131,aasiaat,68.7098,-52.8699,3.04,91,93,4.75,GL,1691635899
132,richfield,44.8833,-93.283,23.71,77,100,2.57,US,1691635892
133,holualoa,19.6228,-155.9522,27.91,68,40,4.12,US,1691635901
134,ta`u,-14.2336,-169.5144,27.33,79,35,5.41,AS,1691635902
135,guatrache,-37.6678,-63.5302,12.43,55,100,7.9,AR,1691635902
136,toliara,-23.35,43.6667,19.11,87,5,6.15,MG,1691635902
137,yarkovo,57.4028,67.0786,17.21,73,84,3.77,RU,1691635902
138,bannu,32.9854,70.6027,34.68,37,94,2.52,PK,1691635903
139,orsa,54.5153,30.4053,12.4,76,83,2.91,BY,1691635903
140,gebeit,21.0667,36.3167,28.76,21,1,0.18,SD,1691635903
141,mejit,10.2753,170.8646,27.99,70,84,4.95,MH,1691635904
142,talnakh,69.4865,88.3972,14.56,51,100,2.8,RU,1691635904
143,port blair,11.6667,92.75,29.02,84,40,4.12,IN,1691635904
144,thompson,55.7435,-97.8558,15.09,77,20,0.0,CA,1691635904
145,bredasdorp,-34.5322,20.0403,9.81,87,0,1.81,ZA,1691635905
146,kalmunai,7.4167,81.8167,28.63,69,100,2.24,LK,1691635905
147,puerto madryn,-42.7692,-65.0385,15.59,43,89,8.01,AR,1691635905
148,college,64.8569,-147.8028,21.99,72,75,3.09,US,1691635906
149,rongelap,11.1635,166.8941,28.39,75,13,4.67,MH,1691635906
150,chibougamau,49.9168,-74.3659,17.79,72,100,2.06,CA,1691635906
151,lachi,33.3833,71.3386,33.75,45,59,0.91,PK,1691635907
152,belyy yar,53.6039,91.3903,20.94,64,0,2.0,RU,1691635907
153,qaqortoq,60.7167,-46.0333,5.81,85,9,0.81,GL,1691635907
154,itoman,26.1247,127.6694,31.43,84,20,3.09,JP,1691635908
155,ribeira grande,38.5167,-28.7,21.54,86,88,2.24,PT,1691635908
156,kuching,1.55,110.3333,31.72,74,20,1.03,MY,1691635856
157,vernon,50.2581,-119.2691,26.2,36,31,1.54,CA,1691635909
158,tanumah,27.1,44.1333,30.27,11,0,4.83,SA,1691635909
159,nikolayevsk-on-amure,53.1406,140.73,22.16,47,61,2.71,RU,1691635909
160,iqaluit,63.7506,-68.5145,5.85,100,100,4.63,CA,1691635910
161,viqueque,-8.8673,126.3658,28.37,58,51,4.87,TL,1691635910
162,chengde,40.9725,117.9361,27.98,54,99,2.1,CN,1691635910
163,edinburgh of the seven seas,-37.0676,-12.3116,10.57,54,59,9.78,SH,1691635911
164,antsiranana,-12.2787,49.2917,19.63,85,0,2.05,MG,1691635911
165,nueva gerona,21.8833,-82.8,30.01,70,4,1.66,CU,1691635912
166,hithadhoo,-0.6,73.0833,27.25,75,67,2.26,MV,1691635912
167,bodo,67.28,14.405,16.36,64,0,7.2,NO,1691635912
168,urzhar,47.093,81.6294,27.2,38,0,3.04,KZ,1691635913
169,usogorsk,63.4106,48.6872,19.07,69,14,0.09,RU,1691635913
170,onokhoy,51.932,108.0747,20.86,86,100,3.18,RU,1691635913
171,darhan,49.4867,105.9228,23.58,72,86,2.23,MN,1691635914
172,gadzhiyevo,69.2551,33.3362,17.89,77,0,3.53,RU,1691635914
173,carnarvon,-24.8667,113.6333,23.44,54,2,2.95,AU,1691635818
174,montrose,38.4166,-108.2673,22.67,26,21,2.48,US,1691635687
175,al bawiti,28.3492,28.8659,23.98,62,0,2.81,EG,1691635915
176,udachny,66.4167,112.4,18.03,48,91,7.68,RU,1691635915
177,maragogi,-9.0122,-35.2225,23.45,78,7,4.19,BR,1691635916
178,dwarka,22.2394,68.9678,27.56,82,100,9.17,IN,1691635916
179,yen vinh,18.6667,105.6667,31.42,63,90,3.94,VN,1691635916
180,conceicao do araguaia,-8.2578,-49.2647,25.99,38,14,1.58,BR,1691635917
181,guiuan,11.0333,125.7247,29.02,75,92,4.77,PH,1691635917
182,loukhi,66.0764,33.0381,15.72,78,21,2.65,RU,1691635918
183,margaret river,-33.95,115.0667,11.91,79,100,1.99,AU,1691635408
184,vikhorevka,56.1201,101.1636,20.77,49,100,3.21,RU,1691635918
185,istgah-e rah ahan-e garmsar,35.2346,52.3094,28.88,25,0,2.19,IR,1691635635
186,wailua homesteads,22.0669,-159.378,31.24,75,100,9.26,US,1691635919
187,naze,28.3667,129.4833,28.51,78,21,5.49,JP,1691635879
188,vilyuchinsk,52.9306,158.4028,23.15,72,6,3.49,RU,1691635920
189,port hedland,-20.3167,118.5667,28.03,28,2,4.12,AU,1691635920
190,bardai,11.65,7.2333,20.81,95,99,3.91,NG,1691635920
191,pudozh,61.8099,36.5345,17.38,84,43,1.54,RU,1691635921
192,iskateley,67.6803,53.1512,13.55,75,0,2.75,RU,1691635921
193,manokwari,-0.8667,134.0833,27.49,77,100,2.6,ID,1691635759
194,lethem,3.3803,-59.7968,26.38,70,96,2.18,GY,1691635922
195,saint-philippe,-21.3585,55.7679,19.77,82,41,3.36,RE,1691635922
196,griffith,41.5284,-87.4237,22.25,89,40,2.57,US,1691635922
197,portland,45.5234,-122.6762,25.97,68,40,4.63,US,1691635484
198,stettler,52.3168,-112.7186,15.86,100,100,1.54,CA,1691635923
199,daru,-9.0763,143.2092,24.26,84,100,7.42,PG,1691635923
200,turpan,42.9333,89.1667,36.35,20,3,1.6,CN,1691635924
201,goundam,16.4145,-3.6708,33.05,42,99,6.41,ML,1691635924
202,ribeira brava,32.65,-17.0667,24.35,74,2,1.52,PT,1691635924
203,coahuayana de hidalgo,18.7,-103.6583,25.18,78,87,2.05,MX,1691635925
204,coquimbo,-29.9533,-71.3436,14.85,82,0,4.12,CL,1691635925
205,northam,51.0333,-4.2167,17.01,86,1,4.45,GB,1691635926
206,igarka,67.4667,86.5833,16.81,80,99,0.74,RU,1691635926
207,tolanaro,-25.0319,46.9987,19.04,94,40,2.06,MG,1691635926
208,mersa matruh,31.3525,27.2453,25.11,78,0,2.57,EG,1691635927
209,puerto baquerizo moreno,-0.9,-89.6,23.64,81,76,2.83,EC,1691635927
210,touros,-5.1989,-35.4608,23.62,84,53,5.87,BR,1691635928
211,mount gambier,-37.8333,140.7667,12.21,68,100,3.77,AU,1691635909
212,georgetown,5.4112,100.3354,26.96,87,40,1.54,MY,1691635783
213,avarua,-21.2078,-159.775,25.03,65,75,7.72,CK,1691635928
214,quitilipi,-26.8691,-60.2168,19.68,75,100,2.73,AR,1691635929
215,armacao de buzios,-22.7469,-41.8817,22.03,86,55,6.86,BR,1691635705
216,tarija,-21.5355,-64.7296,14.95,51,0,1.54,BO,1691635930
217,puerto lempira,15.2667,-83.7667,26.8,84,59,3.05,HN,1691635930
218,nova sintra,14.8667,-24.7167,22.73,73,76,7.03,CV,1691635930
219,abashiri,44.0213,144.2697,26.16,83,75,4.63,JP,1691635931
220,sake,-1.5736,29.045,16.41,75,20,0.31,CD,1691635931
221,dong ha,16.8163,107.1003,34.35,48,100,7.18,VN,1691635931
222,lihue,21.9789,-159.3672,31.58,68,100,9.26,US,1691635885
223,cooper's town,26.8667,-77.5167,29.91,76,99,4.36,BS,1691635932
224,jardim do serido,-6.5844,-36.7744,22.34,57,10,8.48,BR,1691635932
225,isangel,-19.55,169.2667,21.53,57,1,8.66,VU,1691635933
226,sao francisco,-15.9486,-44.8644,22.07,52,0,4.19,BR,1691635933
227,conception bay south,47.4999,-52.9981,13.08,94,100,8.58,CA,1691635769
228,smithers,54.7804,-127.1743,18.18,45,75,4.63,CA,1691635934
229,taro,-8.3862,115.28,22.0,51,44,1.72,ID,1691635934
230,pingxiang,27.6167,113.85,30.69,76,13,1.07,CN,1691635935
231,codrington,-38.2667,141.9667,12.28,73,100,6.41,AU,1691635935
232,afaahiti,-17.75,-149.2833,25.93,72,97,7.01,PF,1691635935
233,yueyang,29.3333,113.0919,31.76,60,6,3.12,CN,1691635818
234,flin flon,54.7682,-101.865,13.23,55,15,2.51,CA,1691635936
235,bowen,-20.0167,148.2333,22.0,60,29,7.1,AU,1691635936
236,salqin,36.1381,36.4532,24.04,88,1,2.35,SY,1691635936
237,bokoro,12.3807,17.0568,22.73,91,100,2.21,TD,1691635937
238,tadmur,34.5608,38.2805,25.97,56,0,3.07,SY,1691635937
239,garh maharaja,30.8339,71.9053,34.9,42,43,6.03,PK,1691635938
240,kielce,50.8703,20.6275,12.72,72,100,0.93,PL,1691635938
241,namdrik,5.5994,168.1028,28.48,70,100,2.74,MH,1691635938
242,nuuk,64.1835,-51.7216,4.34,100,100,5.14,GL,1691635939
243,akureyri,65.6835,-18.0878,7.96,76,75,1.03,IS,1691635939
244,gremda,34.75,10.7833,25.11,61,0,1.54,TN,1691635939
245,aldama,22.9167,-98.0667,29.16,92,11,2.04,MX,1691635940
246,ak'ordat,15.5486,37.8867,27.24,72,97,2.21,ER,1691635940
247,tahoua,14.8888,5.2692,26.82,71,20,3.47,NE,1691635940
248,tura,25.5198,90.2201,26.15,91,100,1.41,IN,1691635941
249,nar'yan-mar,67.6713,53.087,13.61,75,0,2.76,RU,1691635941
250,uruzgan,32.8333,66.0,27.61,13,0,1.71,AF,1691635941
251,greymouth,-42.4667,171.2,8.89,47,0,1.51,NZ,1691635942
252,saipan,15.1355,145.701,26.47,100,100,5.66,MP,1691635942
253,korla,41.7597,86.1469,31.8,19,0,7.25,CN,1691635943
254,olinda,-8.0089,-34.8553,25.85,73,40,6.69,BR,1691635859
255,farafangana,-22.8167,47.8333,20.04,85,63,1.04,MG,1691635943
256,mossel bay,-34.1831,22.146,10.96,74,0,1.58,ZA,1691635944
257,sungailiat,-1.85,106.1333,29.33,63,74,5.26,ID,1691635944
258,yermakovskoye,53.2831,92.4003,23.87,46,39,1.41,RU,1691635944
259,upington,-28.4478,21.2561,15.21,29,0,5.14,ZA,1691635945
260,pizarro,4.9533,-77.366,26.13,87,100,0.92,CO,1691635945
261,klaksvik,62.2266,-6.589,8.51,77,40,2.46,FO,1691635946
262,troitsko-pechorsk,62.7084,56.1964,15.84,67,99,1.95,RU,1691635946
263,selibaby,15.159,-12.1829,30.1,50,100,6.41,MR,1691635946
264,thyolo,-16.0678,35.1405,11.86,96,69,1.79,MW,1691635947
265,benghazi,32.1167,20.0667,25.64,67,0,5.13,LY,1691635947
266,kapuskasing,49.4169,-82.4331,18.05,82,75,7.2,CA,1691635947
267,crane,31.3974,-102.3501,33.32,22,48,2.61,US,1691635948
268,klyuchi,52.2667,79.1667,23.52,39,87,2.56,RU,1691635948
269,mananjary,-21.2167,48.3333,18.35,92,41,1.35,MG,1691635948
270,sisimiut,66.9395,-53.6735,4.88,90,100,3.5,GL,1691635949
271,port augusta,-32.5,137.7667,16.1,50,0,4.02,AU,1691635949
272,port saint john's,-31.6229,29.5448,16.16,88,39,3.81,ZA,1691635949
273,cartagena,10.3997,-75.5144,28.79,89,40,3.6,CO,1691635893
274,angaur state,6.906,134.13,28.28,80,100,8.68,PW,1691635950
275,coyah,9.75,-13.4167,24.69,94,99,0.48,GN,1691635950
276,pohang,36.0322,129.365,26.72,94,100,9.93,KR,1691635950
277,yaren,-0.5472,166.916,28.2,72,63,1.81,NR,1691635951
278,sinabang,2.4803,96.3801,25.66,87,100,1.75,ID,1691635951
279,gitarama,-2.0744,29.7567,17.7,60,8,1.18,RW,1691635952
280,shwebo,22.5667,95.7,24.05,91,100,4.28,MM,1691635952
281,banda aceh,5.5577,95.3222,29.55,66,84,5.61,ID,1691635952
282,taroa,8.7058,171.2275,27.96,76,30,5.12,MH,1691635953
283,cabedelo,-6.9811,-34.8339,23.37,83,27,6.13,BR,1691635953
284,corinth,37.9407,22.9573,23.27,62,0,0.57,GR,1691635953
285,porto novo,6.4965,2.6036,24.9,87,100,3.68,BJ,1691635954
286,zhanaozen,43.3,52.8,29.77,34,1,1.74,KZ,1691635954
287,borovskoy,53.8,64.15,19.52,63,8,4.89,KZ,1691635954
288,cabo san lucas,22.8909,-109.9124,31.61,78,40,5.14,MX,1691635717
289,tobol,52.6844,62.5794,17.61,70,95,4.91,KZ,1691635955
290,pangody,65.85,74.4859,10.91,68,89,10.08,RU,1691635955
291,mar del plata,-38.0023,-57.5575,12.83,95,75,4.12,AR,1691635955
292,fortuna,40.5982,-124.1573,19.4,89,100,3.6,US,1691635956
293,zuunmod,47.7069,106.9528,18.57,71,96,3.77,MN,1691635956
294,grand gaube,-20.0064,57.6608,21.88,69,0,1.34,MU,1691635956
295,cikampek,-6.4197,107.4558,30.33,55,56,1.46,ID,1691635957
296,bir el ater,34.7449,8.0602,21.76,38,0,2.12,DZ,1691635957
297,haiku-pauwela,20.9219,-156.3051,29.01,58,20,12.35,US,1691635957
298,rouissat,31.9243,5.3502,32.04,23,0,4.12,DZ,1691635958
299,pamandzi,-12.7967,45.2794,24.88,78,75,6.69,YT,1691635958
300,kiunga,-6.1219,141.2906,28.45,59,90,2.34,PG,1691635958
301,porto velho,-8.7619,-63.9039,25.03,88,0,1.03,BR,1691635821
302,oroqen zizhiqi,50.5667,123.7167,19.8,72,91,2.71,CN,1691635959
303,hun,29.1268,15.9477,23.06,66,0,2.28,LY,1691635960
304,bontang,0.1333,117.5,29.59,65,84,2.6,ID,1691635960
305,kencong,-8.2833,113.3667,27.54,54,39,2.29,ID,1691635960
306,alice springs,-23.7,133.8833,24.75,19,1,6.17,AU,1691635960
307,san antonio de pale,-1.4014,5.6325,23.57,79,95,5.08,GQ,1691635961
308,barah,13.7,30.3667,25.38,70,99,4.4,SD,1691635961
309,marau,-28.4492,-52.2,14.98,98,96,2.42,BR,1691635962
310,cadale,2.7603,46.3222,24.29,86,59,7.19,SO,1691635962
311,tazovsky,67.4667,78.7,7.91,85,100,9.3,RU,1691635962
312,onguday,50.75,86.15,18.03,73,26,1.03,RU,1691635963
313,nelson bay,-32.7167,152.15,23.94,45,3,5.36,AU,1691635963
314,bhatapara,21.7333,81.9333,28.62,63,46,3.89,IN,1691635963
315,salinas,36.6777,-121.6555,19.45,83,100,4.12,US,1691635964
316,tateyama,34.9833,139.8667,28.7,73,74,3.9,JP,1691635748
317,anna regina,7.2644,-58.5077,28.0,74,99,4.83,GY,1691635964
318,ar rutbah,33.0381,40.2848,28.26,22,0,4.3,IQ,1691635965
319,susanville,40.4163,-120.653,26.91,21,0,4.12,US,1691635965
320,arkhangel'sk,64.5401,40.5433,17.42,85,0,2.21,RU,1691635965
321,nizhnesortymskiy,62.4397,71.7603,13.13,64,0,10.88,RU,1691635966
322,ulladulla,-35.35,150.4667,16.25,53,83,7.53,AU,1691635854
323,yatou,37.15,122.3833,29.32,70,2,9.04,CN,1691635966
324,itamaraca,-7.7478,-34.8256,26.03,77,4,4.82,BR,1691635966
325,gilgit,35.9221,74.3087,28.89,42,0,1.39,PK,1691635967
326,thai binh,20.45,106.3333,31.87,68,87,3.77,VN,1691635967
327,minas de marcona,-15.2119,-75.1103,12.61,88,27,4.72,PE,1691635967
328,bulungu,-4.55,18.6,23.64,57,45,1.46,CD,1691635969
329,cockburn town,21.4612,-71.1419,28.7,79,78,7.19,TC,1691635969
330,sol'-iletsk,51.1631,54.9918,19.58,61,0,6.35,RU,1691635969
331,macia,-25.0269,33.0989,17.91,78,100,1.38,MZ,1691635970
332,reggane,26.7158,0.1714,33.89,13,0,5.08,DZ,1691635970
333,qamdo,31.1667,97.2333,15.6,51,84,2.17,CN,1691635970
334,anchorage,61.2181,-149.9003,17.05,86,100,2.57,US,1691635835
335,el obeid,13.1842,30.2167,24.95,75,87,4.7,SD,1691635971
336,behompy,-23.2496,43.8557,17.95,92,15,3.63,MG,1691635972
337,palikir - national government center,6.9248,158.1611,29.47,79,100,2.57,FM,1691635972
338,lagunas,-5.2269,-75.6753,25.19,81,75,1.28,PE,1691635972
339,sault ste. marie,46.5168,-84.3333,17.31,94,0,1.54,CA,1691635382
340,vegreville,53.5001,-112.0518,16.03,82,100,4.12,CA,1691635973
341,red hill,33.9996,-79.2581,26.1,77,92,1.69,US,1691635973
342,susuman,62.7833,148.1667,15.44,45,6,1.18,RU,1691635973
343,divrigi,39.371,38.1137,24.61,41,0,0.78,TR,1691635974
344,magadan,59.5667,150.8,21.41,55,6,2.96,RU,1691635974
345,pengcheng,36.4311,114.17,30.69,66,15,2.3,CN,1691635974
346,baissa,7.2333,10.6333,21.38,99,100,0.51,NG,1691635975
347,antonio enes,-16.2325,39.9086,21.02,81,13,4.06,MZ,1691635975
348,lerwick,60.1545,-1.1494,11.0,78,51,5.01,GB,1691635976
349,port douglas,-16.4833,145.4667,22.61,72,95,7.31,AU,1691635976
350,murrells inlet,33.551,-79.0414,27.03,86,0,1.54,US,1691635677
351,paramirim,-13.4425,-42.2389,18.92,69,0,2.57,BR,1691635977
352,la'ie,21.6477,-157.9253,30.98,67,6,8.56,US,1691635977
353,iargara,46.4275,28.4367,16.72,60,100,1.71,MD,1691635977
354,anadyr,64.75,177.4833,13.89,67,75,5.0,RU,1691635977
355,hovd,48.0056,91.6419,19.38,57,7,2.63,MN,1691635978
356,bhamo,24.2667,97.2333,25.29,98,97,0.22,MM,1691635978
357,nur-sultan,51.1801,71.446,20.97,64,40,2.0,KZ,1691635978
358,praia da vitoria,38.7333,-27.0667,22.14,94,40,2.75,PT,1691635979
359,grand falls-windsor,48.9332,-55.6649,13.61,89,100,0.89,CA,1691635979
360,nahiyat ash shinafiyah,31.5874,44.6602,35.14,9,0,4.56,IQ,1691635979
361,znamenskoye,57.1281,73.8282,12.93,82,100,2.32,RU,1691635980
362,zalingei,12.9096,23.4741,20.23,95,98,0.21,SD,1691635980
363,kayes,14.0,-11.0,26.16,81,81,5.34,ML,1691635980
364,tralee,52.2704,-9.7026,15.23,91,18,3.9,IE,1691635980
365,jumla,29.2747,82.1838,19.5,89,100,0.42,NP,1691635981
366,lebork,54.5392,17.7501,13.07,95,84,3.58,PL,1691635576
367,goz beida,13.95,20.55,24.01,85,100,1.29,TD,1691635982
368,kolonia town,6.964,158.206,30.06,79,100,2.57,FM,1691635982
369,namanyere,-7.5167,31.05,15.46,51,53,2.97,TZ,1691635983
370,kirando,-7.4167,30.6,21.64,53,4,4.11,TZ,1691635983
371,bocas del toro,9.3333,-82.25,25.12,89,100,2.24,PA,1691635983
372,iron river,46.0927,-88.6423,15.31,73,100,1.41,US,1691635984
373,pindiga,9.9833,10.9333,22.41,87,100,2.22,NG,1691635984
374,puck,54.7179,18.4084,13.12,84,84,5.36,PL,1691635869
375,xilin hot,43.9667,116.0333,27.01,42,87,3.49,CN,1691635985
376,manggar,-2.8833,108.2667,28.8,64,12,6.29,ID,1691635985
377,aibak,36.2647,68.0155,27.16,24,0,1.3,AF,1691635986
378,thunder bay,48.4001,-89.3168,16.99,77,75,3.09,CA,1691635986
379,changling,44.2653,124.0005,23.57,70,8,4.28,CN,1691635986
380,mili,6.0815,171.735,27.83,74,65,1.12,MH,1691635987
381,nizhneudinsk,54.9076,99.0276,19.6,70,100,1.67,RU,1691635987
382,longyearbyen,78.2186,15.6401,9.91,62,0,1.54,SJ,1691635988
383,birigui,-21.2886,-50.34,22.43,34,0,3.55,BR,1691635988
384,tosontsengel,48.7567,98.2839,16.96,64,50,4.53,MN,1691635988
385,taoudenni,22.6783,-3.9836,35.73,29,48,2.87,ML,1691635989
386,broken hill,-31.95,141.4333,15.44,40,2,4.35,AU,1691635989
387,murun-kuren,49.6342,100.1625,19.12,65,38,3.3,MN,1691635989
388,benguela,-12.5763,13.4055,19.13,86,2,2.44,AO,1691635990
389,katsuura,35.1333,140.3,28.96,72,80,4.69,JP,1691635990
390,piti village,13.4626,144.6933,29.06,87,40,4.63,GU,1691635959
391,port alfred,-33.5906,26.891,14.54,91,0,1.79,ZA,1691635991
392,pombal,-6.7703,-37.8017,23.12,55,11,1.22,BR,1691635991
393,shalqar,47.8333,59.6,20.46,66,0,7.03,KZ,1691635992
394,acarau,-2.8856,-40.12,25.0,84,46,6.4,BR,1691635992
395,kuraymah,18.55,31.85,30.72,48,46,2.66,SD,1691635992
396,cannonvale,-20.2833,148.7,20.66,61,31,6.51,AU,1691635993
397,ad dabbah,18.05,30.95,30.54,47,94,3.18,SD,1691635993
398,saldanha,-33.0117,17.9442,11.03,65,0,2.63,ZA,1691635993
399,santona,43.4439,-3.4576,22.26,86,5,4.58,ES,1691635994
400,brookings,44.3114,-96.7984,23.0,80,0,0.0,US,1691635994
401,laojunmiao,39.8333,97.7333,21.35,50,100,2.77,CN,1691635994
402,flying fish cove,-10.4217,105.6791,25.82,73,40,7.2,CX,1691635995
403,ha tinh,18.3333,105.9,31.7,59,77,2.47,VN,1691635884
404,saint-felicien,48.6501,-72.4491,16.38,82,0,3.09,CA,1691635995
405,icmeler,40.8464,29.3089,23.78,83,75,3.09,TR,1691635996
406,chaykovskiy,56.7686,54.1148,19.45,73,17,2.23,RU,1691635996
407,goshaingaon,26.4379,89.9788,28.36,84,99,1.75,IN,1691635996
408,mohr,54.3528,9.7167,13.08,85,100,2.06,DE,1691635997
409,mount isa,-20.7333,139.5,26.87,24,12,3.6,AU,1691635997
410,colares,38.7992,-9.4469,20.55,85,2,7.15,PT,1691635997
411,tazacorte,28.629,-17.9293,23.54,86,0,6.69,ES,1691635998
412,quchan,37.106,58.5095,22.66,34,0,3.14,IR,1691635998
413,abra pampa,-22.7205,-65.697,6.37,13,0,2.16,AR,1691635999
414,brigantine,39.4101,-74.3646,25.56,77,0,2.57,US,1691635903
415,vipiteno,46.8925,11.4301,13.19,91,53,1.92,IT,1691635999
416,sanctuary point,-35.1114,150.629,22.21,52,79,7.95,AU,1691636000
417,tabou,4.423,-7.3528,24.06,83,100,4.93,CI,1691636000
418,brisas de zicatela,15.8369,-97.0419,29.29,58,40,0.0,MX,1691636001
419,yoloten,37.2989,62.3597,30.02,26,0,2.6,TM,1691636001
420,hilo,19.7297,-155.09,26.85,79,40,3.6,US,1691635817
421,robertsport,6.7533,-11.3686,25.49,84,100,7.92,LR,1691636002
422,meiganga,6.5167,14.3,18.2,98,100,1.43,CM,1691636002
423,messaad,34.1543,3.5031,27.28,28,0,3.71,DZ,1691636002
424,tarko-sale,64.9225,77.785,10.09,89,99,9.46,RU,1691636003
425,an nuhud,12.7,28.4333,25.18,63,78,2.81,SD,1691636003
426,lochbuie,40.0072,-104.7161,24.62,50,20,4.12,US,1691636003
427,ise,34.4833,136.7,31.62,66,75,8.23,JP,1691636004
428,san fernando,15.0286,120.6898,31.85,60,81,2.54,PH,1691636004
429,kukawa,12.9234,13.5606,23.55,88,100,4.07,NG,1691636005
430,ongole,15.5,80.05,31.1,59,99,2.43,IN,1691636005
431,sitka,57.0531,-135.33,15.94,82,100,3.6,US,1691636005
432,kavaratti,10.5669,72.642,27.67,78,100,7.89,IN,1691636006
433,watsa,3.0372,29.5355,16.55,98,63,0.67,CD,1691635999
434,zouerate,22.7187,-12.4521,30.09,36,0,4.19,MR,1691636006
435,waddan,29.1614,16.139,22.77,69,0,2.57,LY,1691636007
436,bhiwani,28.7833,76.1333,31.29,56,62,5.49,IN,1691636007
437,warrnambool,-38.3833,142.4833,12.41,73,100,7.19,AU,1691635767
438,santana,-0.0583,-51.1817,28.1,89,75,4.12,BR,1691635984
439,queenstown,-31.8976,26.8753,8.24,81,21,1.43,ZA,1691636008
440,makhambet,47.6667,51.5833,25.7,39,0,5.31,KZ,1691636008
441,kavieng,-2.5744,150.7967,28.56,74,100,7.12,PG,1691636009
442,jerez de la frontera,36.6865,-6.1361,24.5,80,0,1.03,ES,1691636009
443,howard springs,-12.497,131.047,30.46,29,59,4.75,AU,1691636009
444,nemuro,43.3236,145.575,20.69,94,100,7.26,JP,1691636010
445,ancud,-41.8697,-73.8203,10.05,88,100,7.72,CL,1691636010
446,kibondo,-3.5864,30.7203,16.07,52,6,1.52,TZ,1691636010
447,waiuku,-37.25,174.75,14.03,80,93,4.42,NZ,1691636011
448,colonia,50.9333,6.95,13.86,84,0,1.03,DE,1691636011
449,nova xavantina,-14.6667,-52.35,24.16,29,11,0.15,BR,1691636011
450,ciudad lazaro cardenas,17.9583,-102.2,28.22,79,100,0.66,MX,1691635964
451,aripuana,-9.1667,-60.6333,26.68,49,65,1.12,BR,1691636012
452,hermoso campo,-27.6082,-61.3444,16.73,91,29,4.05,AR,1691636012
453,mirny,62.5353,113.9611,22.91,56,61,4.02,RU,1691636013
454,heyuan,23.7333,114.6833,30.67,72,100,1.51,CN,1691636014
455,miracema do tocantins,-9.5618,-48.3967,28.84,34,80,1.09,BR,1691636014
456,yangshuo,24.7808,110.4897,32.89,64,6,0.57,CN,1691636015
457,amga,60.8953,131.9608,22.31,46,98,3.6,RU,1691636015
458,la romana,18.4273,-68.9728,26.2,94,40,3.09,DO,1691636016
459,singa,13.15,33.9333,24.53,79,89,4.07,SD,1691636016
460,selfoss,63.9331,-20.9971,11.58,75,100,2.49,IS,1691636016
461,paracuru,-3.41,-39.0306,26.73,84,46,4.67,BR,1691635738
462,boende,-0.2167,20.8667,21.74,96,93,1.21,CD,1691636017
463,gumdag,39.2061,54.5906,32.1,21,0,2.69,TM,1691636017
464,sechura,-5.5569,-80.8222,22.12,77,9,5.89,PE,1691636018
465,aykhal,66.0,111.5,19.96,62,86,8.08,RU,1691636018
466,polyarnyy,69.1989,33.4478,17.61,78,0,3.53,RU,1691636018
467,pontes e lacerda,-15.2261,-59.3353,26.74,40,53,1.24,BR,1691636018
468,al burayqah,30.4062,19.5739,25.92,69,0,6.78,LY,1691636019
469,muli,2.9167,73.5667,27.08,77,100,4.77,MV,1691636019
470,gulf shores,30.246,-87.7008,30.88,72,0,3.09,US,1691636020
471,tourlaville,49.6383,-1.5664,15.68,100,20,2.57,FR,1691636020
472,boguchany,58.3814,97.4531,21.39,53,81,1.82,RU,1691636020
473,sandnessjoen,66.0217,12.6316,15.29,77,7,5.08,NO,1691636020
474,floro,61.5996,5.0328,10.04,93,100,5.66,NO,1691636021
475,caister-on-sea,52.6481,1.7265,15.77,82,25,3.39,GB,1691636021
476,coyhaique,-45.5752,-72.0662,6.97,100,100,1.03,CL,1691636021
477,majene,-3.5403,118.9707,29.12,65,78,4.82,ID,1691636022
478,brezina,33.0989,1.2608,28.69,25,0,2.78,DZ,1691636022
479,jiangyou,31.7667,104.7167,30.92,68,72,1.07,CN,1691636022
480,novodvinsk,64.4165,40.8122,17.33,85,0,2.09,RU,1691636022
481,ketchikan,55.3422,-131.6461,15.26,94,100,6.17,US,1691636023
482,aral,40.5156,81.2636,30.95,23,0,2.91,CN,1691636023
483,oak hill,37.9723,-81.1487,21.17,91,100,1.92,US,1691635996
484,san luis de la loma,17.2706,-100.8939,27.94,82,100,0.9,MX,1691636024
485,bandarbeyla,9.4942,50.8122,24.85,73,100,11.06,SO,1691636025
486,babylon,40.6957,-73.3257,26.23,55,0,2.57,US,1691635725
487,soe,-9.8607,124.284,23.66,58,72,4.71,ID,1691636025
488,marsa alam,25.0757,34.8918,30.73,46,0,3.32,EG,1691636025
489,lao cai,22.4833,103.95,27.88,92,100,0.78,VN,1691636026
490,vera cruz,-12.6333,-41.0333,16.76,92,6,0.89,BR,1691636026
491,leava,-14.3,-178.1667,27.27,77,34,3.9,WF,1691636026
492,chingirlau,51.095,54.0814,19.78,61,0,4.08,KZ,1691636027
493,ingeniero guillermo n. juarez,-23.9,-61.85,18.91,61,2,3.08,AR,1691636027
494,eydhafushi,5.1033,73.0708,27.56,80,100,6.63,MV,1691636027
495,fort st. john,56.2499,-120.8529,20.94,49,75,5.14,CA,1691636028
496,barra de santo antonio,-9.4047,-35.5072,22.6,80,5,4.47,BR,1691636028
497,kitami,43.8031,143.8908,25.7,74,100,3.21,JP,1691636028
498,kuta,-8.7233,115.1723,25.97,78,20,2.68,ID,1691636029
499,okhotsk,59.3833,143.3,17.49,65,15,4.57,RU,1691636029
500,namibe,-15.1961,12.1522,15.66,90,16,3.66,AO,1691636030
501,newman,37.3138,-121.0208,33.13,41,0,0.89,US,1691636030
502,khandyga,62.6667,135.6,25.43,32,21,1.07,RU,1691636030
503,andovoranto,-18.95,49.1,18.19,94,89,1.61,MG,1691636030
504,pine bluff,34.2284,-92.0032,28.51,83,0,2.57,US,1691635867
505,miri,4.4148,114.0089,30.08,79,40,1.54,MY,1691636031
506,karambakkudi,10.4667,79.1333,29.18,64,100,1.0,IN,1691636031
507,tabas,33.5959,56.9244,29.12,23,0,1.03,IR,1691636032
508,micheweni,-4.9667,39.8333,23.47,85,26,4.81,TZ,1691635998
509,howrah,22.5892,88.3103,30.0,84,40,3.6,IN,1691636032
510,alaghsas,17.0187,8.0168,28.13,55,100,4.59,NE,1691636033
511,inhambane,-23.865,35.3833,19.21,71,15,4.73,MZ,1691636033
512,fort bragg,35.139,-79.006,27.12,75,0,0.0,US,1691635997
513,cascais,38.6979,-9.4215,20.64,85,3,7.15,PT,1691636033
514,axim,4.8699,-2.2405,23.86,87,100,4.69,GH,1691636034
515,remire-montjoly,4.9167,-52.2667,26.02,89,0,2.06,GF,1691635972
516,mount pearl,47.5166,-52.7813,12.75,93,100,6.17,CA,1691635977
517,hobyo,5.3505,48.5268,24.62,81,39,8.32,SO,1691636035
518,djambala,-2.5447,14.7533,19.67,77,14,1.53,CG,1691636035
519,nizhniy odes,63.6445,54.856,17.37,61,80,2.27,RU,1691636035
520,punta del este,-34.9667,-54.95,15.06,95,100,3.13,UY,1691636036
521,aioun,16.6614,-9.6149,32.63,28,44,7.85,MR,1691636036
522,clovis,36.8252,-119.7029,33.94,25,40,4.12,US,1691635843
523,eirunepe,-6.6603,-69.8736,25.0,71,28,0.83,BR,1691636037
524,hammerfest,70.6634,23.6821,21.25,68,100,0.51,NO,1691636038
525,namtsy,62.7161,129.6658,23.16,35,96,4.63,RU,1691636038
526,vila franca do campo,37.7167,-25.4333,23.23,96,100,4.44,PT,1691636038
527,el nido,11.1858,119.3956,28.98,77,50,6.48,PH,1691636039
528,galliano,29.4422,-90.2992,31.0,70,0,3.6,US,1691636039
529,yakakent,41.6325,35.5289,22.89,85,87,1.52,TR,1691636040
530,rundu,-17.9333,19.7667,14.93,23,6,5.01,NA,1691636040
531,sampit,-2.5333,112.95,30.77,54,69,1.96,ID,1691636040
532,aldinga beach,-35.2793,138.4604,16.26,64,24,3.92,AU,1691636041
533,tadine,-21.55,167.8833,19.03,66,20,9.38,NC,1691636041
534,morozovsk,48.3539,41.8261,23.61,57,52,3.21,RU,1691636041
535,kisangani,0.5167,25.2,21.74,94,99,1.01,CD,1691636042
536,campbell river,50.0163,-125.2446,20.21,60,75,2.57,CA,1691635845
537,mulki,13.1,74.8,26.6,94,40,1.54,IN,1691636043
538,noumea,-22.2763,166.4572,20.99,62,62,7.55,NC,1691635878
539,zhangzhou,24.5133,117.6556,26.96,50,15,0.71,CN,1691636043
540,etawa,24.1855,78.2031,26.29,78,68,5.14,IN,1691636044
541,lae,-6.7221,146.9847,26.37,92,100,2.51,PG,1691636044
542,krasnokamsk,58.0802,55.7541,17.09,65,15,2.38,RU,1691636044
543,margate,51.3813,1.3862,14.83,88,0,0.45,GB,1691636045
544,midvagur,62.0511,-7.1939,8.46,81,100,0.0,FO,1691636045
545,severoural'sk,60.1533,59.952,13.97,93,100,1.58,RU,1691636045
546,tongouson,5.0214,120.1328,29.22,68,100,3.78,PH,1691636046
547,kozhevnikovo,56.2589,83.9714,16.25,65,100,4.36,RU,1691636046
548,burang,30.25,81.1667,13.2,77,100,1.92,CN,1691636046
549,oliver,49.1831,-119.5524,27.14,64,16,1.03,CA,1691636047
550,kokpekty,48.75,82.4,23.51,47,6,3.39,KZ,1691636047
551,mawlaik,23.6333,94.4167,24.91,100,100,0.51,MM,1691635966
552,puerto armuelles,8.2833,-82.8667,27.27,91,100,1.34,PA,1691636048
553,olyokminsk,60.3736,120.4264,29.36,42,6,1.88,RU,1691636048
554,paragominas,-2.9667,-47.4833,21.64,97,39,0.69,BR,1691636048
555,fasa,28.9383,53.6482,25.58,38,75,2.06,IR,1691636049
556,utena,55.5,25.6,12.47,98,100,1.67,LT,1691636049
557,fisterra,42.9049,-9.2629,20.97,91,74,6.82,ES,1691636049
558,changsha,28.2,112.9667,31.09,60,19,4.11,CN,1691636050
559,eldorado at santa fe,35.5264,-105.9347,25.25,31,0,3.09,US,1691636050
560,kassala,15.451,36.4,25.73,79,92,4.85,SD,1691635779
561,vavozh,56.7751,51.931,19.48,70,14,1.8,RU,1691636050
562,mlangali,-9.7833,34.5167,8.89,78,0,2.19,TZ,1691636051
563,el porvenir,13.7617,-87.3458,27.63,72,91,0.8,HN,1691636051
564,sivrihisar,39.4504,31.5341,17.51,87,2,2.5,TR,1691636052
565,greenville,35.6127,-77.3663,24.51,83,0,0.0,US,1691635966
566,saiha,22.4833,92.9667,22.18,99,100,0.25,IN,1691636052
567,dakhla,23.6848,-15.958,20.35,92,24,9.12,EH,1691636053
568,gunjur,13.2019,-16.7339,25.04,94,40,0.0,GM,1691636053
569,pitimbu,-7.4706,-34.8086,23.33,79,9,5.7,BR,1691636053
570,new norfolk,-42.7826,147.0587,16.72,63,86,4.0,AU,1691636054
571,bikenibeu village,1.3673,173.1241,31.98,66,20,2.06,KI,1691636054
572,manacapuru,-3.2997,-60.6206,27.32,61,54,1.09,BR,1691636054
573,mogadishu,2.0371,45.3438,24.05,86,87,6.55,SO,1691635973
574,tocopilla,-22.092,-70.1979,17.18,78,14,4.0,CL,1691636055
575,kelkit,40.1298,39.4361,17.3,70,0,1.59,TR,1691636055
576,san andres,12.5847,-81.7006,29.01,84,20,2.57,CO,1691635758
577,sarmiento,-45.5882,-69.07,10.91,75,100,6.27,AR,1691635757
578,cill airne,52.05,-9.5167,16.73,88,94,4.41,IE,1691636056
579,villa gesell,-37.2639,-56.973,12.81,95,97,5.57,AR,1691636056
580,valjevo,44.2751,19.8982,14.89,77,98,2.09,RS,1691636057
581,boca do acre,-8.7522,-67.3978,25.06,73,65,1.05,BR,1691636057
582,saint-pierre,-21.3393,55.4781,19.82,64,20,3.09,RE,1691636058
583,ternate,0.8,127.4,28.02,72,87,4.63,ID,1691636058
584,melekeok village,7.4957,134.6367,29.31,79,100,5.14,PW,1691636058
585,genhe,50.7833,121.5167,25.29,42,36,1.09,CN,1691636059
586,fernie,49.5,-115.0687,18.05,93,78,1.36,CA,1691636059
587,chardara,41.2547,67.9692,29.03,35,0,1.42,KZ,1691636060
588,coweta,33.3835,-84.7666,26.92,91,40,1.54,US,1691636060
589,soma,39.1855,27.6094,23.22,83,86,3.49,TR,1691636060
590,verneuil-sur-avre,48.7395,0.9273,15.78,90,0,1.97,FR,1691636061
591,acapulco de juarez,16.8634,-99.8901,28.17,80,100,0.68,MX,1691635844
